Electoral District Number/Numéro de circonscription,Electoral District Name/Nom de circonscription,Polling Station Number/Numéro du bureau de scrutin,Polling Station Name/Nom du bureau de scrutin,Brian Deheer,Kyle Harrietha,Lori McDaniel,Tim Moen,David Yurdiga,Rejected Ballots/Bulletins rejetés,Total Votes/Total des votes,Electors/Électeurs
48001,"Fort McMurray--Athabasca/Fort McMurray--Athabasca"," 1","Garden Creek",0,6,2,0,0,0,8,118
48001,"Fort McMurray--Athabasca/Fort McMurray--Athabasca"," 2","Chipewyan Lakes ",Merged with No. 15/Fusionné avec le nº 15,,,,,,,13
48001,"Fort McMurray--Athabasca/Fort McMurray--Athabasca"," 3","Peerless Lake ",Void/Supprimé,,,,,,,
48001,"Fort McMurray--Athabasca/Fort McMurray--Athabasca"," 4","Peerless Lake ",0,8,2,0,0,0,10,219
48001,"Fort McMurray--Athabasca/Fort McMurray--Athabasca"," 5","Loon Lake",0,4,0,0,2,0,6,200
48001,"Fort McMurray--Athabasca/Fort McMurray--Athabasca"," 6","Red Earth Creek ",1,0,1,0,15,0,17,345
48001,"Fort McMurray--Athabasca/Fort McMurray--Athabasca"," 7","Trout Lake",0,0,2,0,3,0,5,102
48001,"Fort McMurray--Athabasca/Fort McMurray--Athabasca"," 8","Atikameg",0,12,1,1,1,0,15,378
48001,"Fort McMurray--Athabasca/Fort McMurray--Athabasca"," 9A","Wabasca",1,18,1,1,5,0,26,418
48001,"Fort McMurray--Athabasca/Fort McMurray--Athabasca"," 9B","Wabasca",3,31,3,0,3,0,40,312
48001,"Fort McMurray--Athabasca/Fort McMurray--Athabasca"," 9C","Wabasca",0,17,1,1,11,0,30,327
48001,"Fort McMurray--Athabasca/Fort McMurray--Athabasca"," 9-1","Wabasca",Merged with No. 9B/Fusionné avec le nº 9B,,,,,,,1
48001,"Fort McMurray--Athabasca/Fort McMurray--Athabasca"," 9-2A","Wabasca",Merged with No. 9A/Fusionné avec le nº 9A,,,,,,,191
48001,"Fort McMurray--Athabasca/Fort McMurray--Athabasca"," 9-2B","Wabasca",Merged with No. 9B/Fusionné avec le nº 9B,,,,,,,165
48001,"Fort McMurray--Athabasca/Fort McMurray--Athabasca"," 9-2C","Wabasca",Merged with No. 9C/Fusionné avec le nº 9C,,,,,,,110
48001,"Fort McMurray--Athabasca/Fort McMurray--Athabasca"," 10","Wabasca",2,21,2,0,1,0,26,321
48001,"Fort McMurray--Athabasca/Fort McMurray--Athabasca"," 11","Sandy Lake ",1,21,1,0,1,0,24,275
48001,"Fort McMurray--Athabasca/Fort McMurray--Athabasca"," 12","Calling Lake ",1,16,5,1,16,0,39,447
48001,"Fort McMurray--Athabasca/Fort McMurray--Athabasca"," 13","Fitzgerald",Merged with No. 15/Fusionné avec le nº 15,,,,,,,61
48001,"Fort McMurray--Athabasca/Fort McMurray--Athabasca"," 14","Fort Chipewyan",Merged with No. 15/Fusionné avec le nº 15,,,,,,,334
48001,"Fort McMurray--Athabasca/Fort McMurray--Athabasca"," 15","Fort Chipewyan",6,62,5,0,4,0,77,188
48001,"Fort McMurray--Athabasca/Fort McMurray--Athabasca"," 16","Fort McKay",11,51,11,2,2,0,77,318
48001,"Fort McMurray--Athabasca/Fort McMurray--Athabasca"," 17","Saprae Creek",2,37,6,1,80,0,126,666
48001,"Fort McMurray--Athabasca/Fort McMurray--Athabasca"," 18","Anzac ",2,37,10,3,46,0,98,695
48001,"Fort McMurray--Athabasca/Fort McMurray--Athabasca"," 19","Janvier--Chard",0,6,1,0,2,0,9,211
48001,"Fort McMurray--Athabasca/Fort McMurray--Athabasca"," 20","Conklin",4,25,1,0,4,0,34,199
48001,"Fort McMurray--Athabasca/Fort McMurray--Athabasca"," 21A","Fort McMurray",1,32,5,3,25,0,66,561
48001,"Fort McMurray--Athabasca/Fort McMurray--Athabasca"," 21B","Fort McMurray",Merged with No. 21-7A/Fusionné avec le nº 21-7A,,,,,,,8
48001,"Fort McMurray--Athabasca/Fort McMurray--Athabasca"," 21-1","Wood Buffalo",1,24,2,1,33,0,61,709
48001,"Fort McMurray--Athabasca/Fort McMurray--Athabasca"," 21-2","Wood Buffalo",0,44,8,2,23,1,78,973
48001,"Fort McMurray--Athabasca/Fort McMurray--Athabasca"," 21-3","Wood Buffalo",1,21,1,0,7,0,30,367
48001,"Fort McMurray--Athabasca/Fort McMurray--Athabasca"," 21-4","Wood Buffalo",0,19,3,0,22,0,44,389
48001,"Fort McMurray--Athabasca/Fort McMurray--Athabasca"," 21-5","Wood Buffalo",2,28,3,4,25,0,62,487
48001,"Fort McMurray--Athabasca/Fort McMurray--Athabasca"," 21-6","Wood Buffalo",0,33,3,0,9,1,46,487
48001,"Fort McMurray--Athabasca/Fort McMurray--Athabasca"," 21-7A","Wood Buffalo",2,25,6,3,36,0,72,964
48001,"Fort McMurray--Athabasca/Fort McMurray--Athabasca"," 21-7B","Wood Buffalo",1,50,9,0,24,0,84,1028
48001,"Fort McMurray--Athabasca/Fort McMurray--Athabasca"," 21-7C","Wood Buffalo",3,52,12,1,40,0,108,1214
48001,"Fort McMurray--Athabasca/Fort McMurray--Athabasca"," 21-7D","Wood Buffalo",0,40,7,1,49,0,97,1035
48001,"Fort McMurray--Athabasca/Fort McMurray--Athabasca"," 22","Fort McMurray",0,22,5,1,15,0,43,728
48001,"Fort McMurray--Athabasca/Fort McMurray--Athabasca"," 22-1","Wood Buffalo",0,11,3,2,13,0,29,491
48001,"Fort McMurray--Athabasca/Fort McMurray--Athabasca"," 22-2","Wood Buffalo",1,28,4,2,17,0,52,551
48001,"Fort McMurray--Athabasca/Fort McMurray--Athabasca"," 23","Fort McMurray",0,15,2,3,20,0,40,521
48001,"Fort McMurray--Athabasca/Fort McMurray--Athabasca"," 23-1","Wood Buffalo",2,20,3,1,15,0,41,506
48001,"Fort McMurray--Athabasca/Fort McMurray--Athabasca"," 24","Fort McMurray",0,13,9,1,15,0,38,572
48001,"Fort McMurray--Athabasca/Fort McMurray--Athabasca"," 24-1","Wood Buffalo",0,22,6,1,15,0,44,450
48001,"Fort McMurray--Athabasca/Fort McMurray--Athabasca"," 24-2","Wood Buffalo",2,16,6,2,22,0,48,635
48001,"Fort McMurray--Athabasca/Fort McMurray--Athabasca"," 24-3","Wood Buffalo",0,9,3,0,10,0,22,382
48001,"Fort McMurray--Athabasca/Fort McMurray--Athabasca"," 25","Fort McMurray",Merged with No. 28/Fusionné avec le nº 28,,,,,,,574
48001,"Fort McMurray--Athabasca/Fort McMurray--Athabasca"," 26","Fort McMurray",2,31,3,2,38,0,76,481
48001,"Fort McMurray--Athabasca/Fort McMurray--Athabasca"," 27","Fort McMurray",1,27,7,1,30,0,66,368
48001,"Fort McMurray--Athabasca/Fort McMurray--Athabasca"," 28","Fort McMurray",1,70,13,2,60,0,146,251
48001,"Fort McMurray--Athabasca/Fort McMurray--Athabasca"," 29","Fort McMurray",2,28,7,3,21,0,61,507
48001,"Fort McMurray--Athabasca/Fort McMurray--Athabasca"," 30","Fort McMurray",1,36,7,3,33,0,80,545
48001,"Fort McMurray--Athabasca/Fort McMurray--Athabasca"," 30-1","Wood Buffalo",0,8,3,0,8,0,19,379
48001,"Fort McMurray--Athabasca/Fort McMurray--Athabasca"," 30-2","Wood Buffalo",1,5,0,0,12,0,18,335
48001,"Fort McMurray--Athabasca/Fort McMurray--Athabasca"," 30-3","Wood Buffalo",1,15,0,0,7,0,23,293
48001,"Fort McMurray--Athabasca/Fort McMurray--Athabasca"," 30-4A","Wood Buffalo",0,57,4,1,44,0,106,1053
48001,"Fort McMurray--Athabasca/Fort McMurray--Athabasca"," 30-4B","Wood Buffalo",0,38,9,2,31,1,81,1150
48001,"Fort McMurray--Athabasca/Fort McMurray--Athabasca"," 30-4C","Wood Buffalo",2,46,8,7,42,0,105,1099
48001,"Fort McMurray--Athabasca/Fort McMurray--Athabasca"," 30-4D","Wood Buffalo",1,43,6,3,31,0,84,900
48001,"Fort McMurray--Athabasca/Fort McMurray--Athabasca"," 30-4E","Wood Buffalo",Merged with No. 21-7A/Fusionné avec le nº 21-7A,,,,,,,116
48001,"Fort McMurray--Athabasca/Fort McMurray--Athabasca"," 31","Fort McMurray",1,18,2,4,34,0,59,241
48001,"Fort McMurray--Athabasca/Fort McMurray--Athabasca"," 32","Fort McMurray",0,41,11,6,39,0,97,653
48001,"Fort McMurray--Athabasca/Fort McMurray--Athabasca"," 33","Fort McMurray",Merged with No. 35/Fusionné avec le nº 35,,,,,,,336
48001,"Fort McMurray--Athabasca/Fort McMurray--Athabasca"," 34","Fort McMurray",2,39,9,5,29,0,84,540
48001,"Fort McMurray--Athabasca/Fort McMurray--Athabasca"," 35","Fort McMurray",5,48,12,7,36,0,108,413
48001,"Fort McMurray--Athabasca/Fort McMurray--Athabasca"," 36","Fort McMurray",0,42,5,3,34,0,84,720
48001,"Fort McMurray--Athabasca/Fort McMurray--Athabasca"," 36-1","Wood Buffalo",3,28,6,3,22,0,62,484
48001,"Fort McMurray--Athabasca/Fort McMurray--Athabasca"," 37","Fort McMurray",3,23,9,2,32,0,69,513
48001,"Fort McMurray--Athabasca/Fort McMurray--Athabasca"," 38","Fort McMurray",1,20,5,2,22,0,50,380
48001,"Fort McMurray--Athabasca/Fort McMurray--Athabasca"," 38-1","Fort McMurray",Merged with No. 38/Fusionné avec le nº 38,,,,,,,69
48001,"Fort McMurray--Athabasca/Fort McMurray--Athabasca"," 39","Fort McMurray",0,24,4,5,18,0,51,510
48001,"Fort McMurray--Athabasca/Fort McMurray--Athabasca"," 40","Fort McMurray",0,39,12,5,27,0,83,456
48001,"Fort McMurray--Athabasca/Fort McMurray--Athabasca"," 41","Fort McMurray",0,30,14,3,26,1,74,413
48001,"Fort McMurray--Athabasca/Fort McMurray--Athabasca"," 42","Fort McMurray",0,27,10,1,12,0,50,450
48001,"Fort McMurray--Athabasca/Fort McMurray--Athabasca"," 43","Fort McMurray",0,20,11,2,35,0,68,478
48001,"Fort McMurray--Athabasca/Fort McMurray--Athabasca"," 44","Fort McMurray",0,26,12,2,10,1,51,490
48001,"Fort McMurray--Athabasca/Fort McMurray--Athabasca"," 45","Fort McMurray",3,19,17,3,24,0,66,543
48001,"Fort McMurray--Athabasca/Fort McMurray--Athabasca"," 46","Fort McMurray",0,10,4,5,9,0,28,306
48001,"Fort McMurray--Athabasca/Fort McMurray--Athabasca"," 47","Fort McMurray",1,19,14,4,25,0,63,439
48001,"Fort McMurray--Athabasca/Fort McMurray--Athabasca"," 48","Fort McMurray",0,13,11,2,16,0,42,352
48001,"Fort McMurray--Athabasca/Fort McMurray--Athabasca"," 49","Fort McMurray",Merged with No. 53/Fusionné avec le nº 53,,,,,,,461
48001,"Fort McMurray--Athabasca/Fort McMurray--Athabasca"," 50","Fort McMurray",1,15,7,3,10,1,37,363
48001,"Fort McMurray--Athabasca/Fort McMurray--Athabasca"," 51","Fort McMurray",0,12,12,1,10,0,35,375
48001,"Fort McMurray--Athabasca/Fort McMurray--Athabasca"," 52","Fort McMurray",1,28,16,2,31,1,79,532
48001,"Fort McMurray--Athabasca/Fort McMurray--Athabasca"," 53","Fort McMurray",4,38,22,7,36,0,107,472
48001,"Fort McMurray--Athabasca/Fort McMurray--Athabasca"," 54","Fort McMurray",0,21,8,0,27,0,56,449
48001,"Fort McMurray--Athabasca/Fort McMurray--Athabasca"," 55","Fort McMurray",1,19,7,8,20,0,55,477
48001,"Fort McMurray--Athabasca/Fort McMurray--Athabasca"," 56","Fort McMurray",Void/Supprimé,,,,,,,
48001,"Fort McMurray--Athabasca/Fort McMurray--Athabasca"," 57","Fort McMurray",0,8,0,2,0,0,10,248
48001,"Fort McMurray--Athabasca/Fort McMurray--Athabasca"," 58","Fort McMurray",2,23,4,2,13,0,44,591
48001,"Fort McMurray--Athabasca/Fort McMurray--Athabasca"," 59","Fort McMurray",0,15,3,5,5,0,28,351
48001,"Fort McMurray--Athabasca/Fort McMurray--Athabasca"," 60","Fort McMurray",0,25,5,0,13,0,43,463
48001,"Fort McMurray--Athabasca/Fort McMurray--Athabasca"," 61","Fort McMurray",0,15,1,0,8,0,24,398
48001,"Fort McMurray--Athabasca/Fort McMurray--Athabasca"," 62","Fort McMurray",0,17,3,0,8,0,28,415
48001,"Fort McMurray--Athabasca/Fort McMurray--Athabasca"," 63","Fort McMurray",1,31,11,2,23,0,68,394
48001,"Fort McMurray--Athabasca/Fort McMurray--Athabasca"," 64","Fort McMurray",0,13,2,1,4,0,20,480
48001,"Fort McMurray--Athabasca/Fort McMurray--Athabasca"," 65","Fort McMurray",1,14,1,2,9,1,28,456
48001,"Fort McMurray--Athabasca/Fort McMurray--Athabasca"," 66","Fort McMurray",0,38,11,2,21,1,73,477
48001,"Fort McMurray--Athabasca/Fort McMurray--Athabasca"," 67","Fort McMurray",2,12,5,1,10,0,30,277
48001,"Fort McMurray--Athabasca/Fort McMurray--Athabasca"," 68","Fort McMurray",0,26,7,5,15,0,53,513
48001,"Fort McMurray--Athabasca/Fort McMurray--Athabasca"," 68-1","Wood Buffalo",0,23,1,1,10,0,35,601
48001,"Fort McMurray--Athabasca/Fort McMurray--Athabasca"," 69","Fort McMurray",1,21,7,0,20,0,49,437
48001,"Fort McMurray--Athabasca/Fort McMurray--Athabasca"," 70","Fort McMurray",2,13,7,2,24,0,48,418
48001,"Fort McMurray--Athabasca/Fort McMurray--Athabasca"," 71","Fort McMurray",0,49,17,2,10,0,78,506
48001,"Fort McMurray--Athabasca/Fort McMurray--Athabasca"," 72","Fort McMurray",0,7,6,2,11,0,26,350
48001,"Fort McMurray--Athabasca/Fort McMurray--Athabasca"," 72-1","Wood Buffalo",2,13,9,2,17,0,43,470
48001,"Fort McMurray--Athabasca/Fort McMurray--Athabasca"," 72-2","Wood Buffalo",0,16,7,3,12,0,38,230
48001,"Fort McMurray--Athabasca/Fort McMurray--Athabasca"," 73","Fort McMurray",Merged with No. 72-2/Fusionné avec le nº 72-2,,,,,,,436
48001,"Fort McMurray--Athabasca/Fort McMurray--Athabasca"," 74","Fort McMurray",1,13,5,2,10,0,31,381
48001,"Fort McMurray--Athabasca/Fort McMurray--Athabasca"," 75","Fort McMurray",Merged with No. 76/Fusionné avec le nº 76,,,,,,,481
48001,"Fort McMurray--Athabasca/Fort McMurray--Athabasca"," 76","Fort McMurray",1,35,17,6,30,0,89,398
48001,"Fort McMurray--Athabasca/Fort McMurray--Athabasca"," 77","Fort McMurray",0,23,13,0,31,1,68,443
48001,"Fort McMurray--Athabasca/Fort McMurray--Athabasca"," 78","Fort McMurray",2,48,9,4,35,0,98,317
48001,"Fort McMurray--Athabasca/Fort McMurray--Athabasca"," 79","Fort McMurray",1,25,8,2,21,0,57,364
48001,"Fort McMurray--Athabasca/Fort McMurray--Athabasca"," 80","Fort McMurray",Merged with No. 63/Fusionné avec le nº 63,,,,,,,360
48001,"Fort McMurray--Athabasca/Fort McMurray--Athabasca"," 80-1","Amber Valley",2,16,5,0,12,0,35,294
48001,"Fort McMurray--Athabasca/Fort McMurray--Athabasca"," 81","Fort McMurray",Merged with No. 78/Fusionné avec le nº 78,,,,,,,463
48001,"Fort McMurray--Athabasca/Fort McMurray--Athabasca"," 82","Fort McMurray",2,20,5,2,13,0,42,552
48001,"Fort McMurray--Athabasca/Fort McMurray--Athabasca"," 83","Fort McMurray",Merged with No. 86/Fusionné avec le nº 86,,,,,,,572
48001,"Fort McMurray--Athabasca/Fort McMurray--Athabasca"," 84","Fort McMurray",0,18,12,3,9,0,42,534
48001,"Fort McMurray--Athabasca/Fort McMurray--Athabasca"," 85","Fort McMurray",1,28,8,2,13,0,52,249
48001,"Fort McMurray--Athabasca/Fort McMurray--Athabasca"," 85-1","Fort McMurray",0,12,6,1,13,0,32,476
48001,"Fort McMurray--Athabasca/Fort McMurray--Athabasca"," 86","Fort McMurray",0,24,3,3,20,0,50,388
48001,"Fort McMurray--Athabasca/Fort McMurray--Athabasca"," 86-1","Wood Buffalo",Merged with No. 85/Fusionné avec le nº 85,,,,,,,308
48001,"Fort McMurray--Athabasca/Fort McMurray--Athabasca"," 87","Prairie Echo ",0,10,9,1,17,1,38,246
48001,"Fort McMurray--Athabasca/Fort McMurray--Athabasca"," 88","Peavine",3,12,6,1,0,0,22,353
48001,"Fort McMurray--Athabasca/Fort McMurray--Athabasca"," 89","Gift Lake ",2,11,0,1,10,1,25,365
48001,"Fort McMurray--Athabasca/Fort McMurray--Athabasca"," 90","Grouard ",3,10,8,1,5,0,27,312
48001,"Fort McMurray--Athabasca/Fort McMurray--Athabasca"," 91","Triangle",0,2,9,1,47,1,60,367
48001,"Fort McMurray--Athabasca/Fort McMurray--Athabasca"," 92","High Prairie",3,7,7,0,13,1,31,363
48001,"Fort McMurray--Athabasca/Fort McMurray--Athabasca"," 93","High Prairie",2,11,4,1,18,0,36,422
48001,"Fort McMurray--Athabasca/Fort McMurray--Athabasca"," 94","High Prairie",1,8,6,0,11,0,26,476
48001,"Fort McMurray--Athabasca/Fort McMurray--Athabasca"," 95","High Prairie",2,12,3,2,20,0,39,310
48001,"Fort McMurray--Athabasca/Fort McMurray--Athabasca"," 96","High Prairie",4,9,6,0,25,0,44,321
48001,"Fort McMurray--Athabasca/Fort McMurray--Athabasca"," 97","High Prairie",0,2,2,0,7,0,11,99
48001,"Fort McMurray--Athabasca/Fort McMurray--Athabasca"," 98","High Prairie",3,5,8,0,31,0,47,330
48001,"Fort McMurray--Athabasca/Fort McMurray--Athabasca"," 99","Enilda",6,13,12,0,27,0,58,382
48001,"Fort McMurray--Athabasca/Fort McMurray--Athabasca"," 100","Sucker Creek 150A",0,66,2,0,6,0,74,334
48001,"Fort McMurray--Athabasca/Fort McMurray--Athabasca"," 101","Big Lakes",Merged with No. 102/Fusionné avec le nº 102,,,,,,,199
48001,"Fort McMurray--Athabasca/Fort McMurray--Athabasca"," 102","Big Lakes",3,1,4,2,14,0,24,75
48001,"Fort McMurray--Athabasca/Fort McMurray--Athabasca"," 103","East Prairie Metis Settlement",1,31,0,1,1,0,34,195
48001,"Fort McMurray--Athabasca/Fort McMurray--Athabasca"," 104","Joussard",4,16,19,0,28,0,67,376
48001,"Fort McMurray--Athabasca/Fort McMurray--Athabasca"," 105","Drift Pile River 150 ",5,30,5,0,3,0,43,402
48001,"Fort McMurray--Athabasca/Fort McMurray--Athabasca"," 106","Faust",2,16,4,0,22,0,44,244
48001,"Fort McMurray--Athabasca/Fort McMurray--Athabasca"," 107","Swan River 150E",1,2,3,0,9,0,15,198
48001,"Fort McMurray--Athabasca/Fort McMurray--Athabasca"," 108","Swan River 150E",0,4,1,0,9,0,14,65
48001,"Fort McMurray--Athabasca/Fort McMurray--Athabasca"," 109","Kinuso",0,7,4,0,10,0,21,209
48001,"Fort McMurray--Athabasca/Fort McMurray--Athabasca"," 110","Big Lakes",0,0,2,1,24,0,27,228
48001,"Fort McMurray--Athabasca/Fort McMurray--Athabasca"," 111","Widewater",5,14,1,3,59,0,82,604
48001,"Fort McMurray--Athabasca/Fort McMurray--Athabasca"," 112","Slave Lake",0,1,1,0,10,1,13,308
48001,"Fort McMurray--Athabasca/Fort McMurray--Athabasca"," 113","Slave Lake",2,11,11,0,32,0,56,339
48001,"Fort McMurray--Athabasca/Fort McMurray--Athabasca"," 114","Slave Lake",1,8,4,1,18,1,33,391
48001,"Fort McMurray--Athabasca/Fort McMurray--Athabasca"," 115","Slave Lake",3,17,3,0,16,1,40,348
48001,"Fort McMurray--Athabasca/Fort McMurray--Athabasca"," 116","Slave Lake",0,6,3,0,15,0,24,283
48001,"Fort McMurray--Athabasca/Fort McMurray--Athabasca"," 117","Slave Lake",2,6,5,0,32,0,45,480
48001,"Fort McMurray--Athabasca/Fort McMurray--Athabasca"," 118","Slave Lake",1,20,9,2,25,0,57,483
48001,"Fort McMurray--Athabasca/Fort McMurray--Athabasca"," 119","Slave Lake",1,25,9,0,23,0,58,745
48001,"Fort McMurray--Athabasca/Fort McMurray--Athabasca"," 120","Slave Lake",2,14,3,1,17,0,37,300
48001,"Fort McMurray--Athabasca/Fort McMurray--Athabasca"," 121","Slave Lake",3,8,3,1,13,0,28,440
48001,"Fort McMurray--Athabasca/Fort McMurray--Athabasca"," 122","Slave Lake",2,8,6,1,20,1,38,314
48001,"Fort McMurray--Athabasca/Fort McMurray--Athabasca"," 123","Slave Lake",5,18,12,0,24,0,59,426
48001,"Fort McMurray--Athabasca/Fort McMurray--Athabasca"," 124","Slave Lake",4,8,4,5,38,0,59,367
48001,"Fort McMurray--Athabasca/Fort McMurray--Athabasca"," 125","Moose Portage",4,11,11,3,70,0,99,86
48001,"Fort McMurray--Athabasca/Fort McMurray--Athabasca"," 126","Smith",Merged with No. 125/Fusionné avec le nº 125,,,,,,,419
48001,"Fort McMurray--Athabasca/Fort McMurray--Athabasca"," 127","Flatbush",6,4,8,0,40,0,58,423
48001,"Fort McMurray--Athabasca/Fort McMurray--Athabasca"," 128","Grosmont",8,22,9,2,82,0,123,594
48001,"Fort McMurray--Athabasca/Fort McMurray--Athabasca"," 129","Athabasca",9,4,8,2,64,1,88,590
48001,"Fort McMurray--Athabasca/Fort McMurray--Athabasca"," 130","Athabasca",6,20,17,6,59,0,108,610
48001,"Fort McMurray--Athabasca/Fort McMurray--Athabasca"," 131","Amber Valley",4,13,13,3,55,0,88,361
48001,"Fort McMurray--Athabasca/Fort McMurray--Athabasca"," 132","Grassland",2,19,9,2,136,0,168,524
48001,"Fort McMurray--Athabasca/Fort McMurray--Athabasca"," 133","Baptiste Lake",6,13,8,0,63,0,90,510
48001,"Fort McMurray--Athabasca/Fort McMurray--Athabasca"," 134","Athabasca",2,16,15,0,19,0,52,309
48001,"Fort McMurray--Athabasca/Fort McMurray--Athabasca"," 135","Athabasca",3,9,9,4,14,0,39,413
48001,"Fort McMurray--Athabasca/Fort McMurray--Athabasca"," 136","Athabasca",8,11,14,2,38,0,73,324
48001,"Fort McMurray--Athabasca/Fort McMurray--Athabasca"," 137A","Athabasca",9,20,13,1,69,0,112,490
48001,"Fort McMurray--Athabasca/Fort McMurray--Athabasca"," 137B","Mobile poll/Bureau itinérant",Merged with No. 503/Fusionné avec le nº 503,,,,,,,8
48001,"Fort McMurray--Athabasca/Fort McMurray--Athabasca"," 137C","Mobile poll/Bureau itinérant",Merged with No. 503/Fusionné avec le nº 503,,,,,,,6
48001,"Fort McMurray--Athabasca/Fort McMurray--Athabasca"," 138","Athabasca",Merged with No. 136/Fusionné avec le nº 136,,,,,,,133
48001,"Fort McMurray--Athabasca/Fort McMurray--Athabasca"," 138-1","Athabasca",4,28,11,3,74,1,121,662
48001,"Fort McMurray--Athabasca/Fort McMurray--Athabasca"," 139","Athabasca",1,4,11,1,40,0,57,468
48001,"Fort McMurray--Athabasca/Fort McMurray--Athabasca"," 140","Colinton",0,10,9,5,48,0,72,323
48001,"Fort McMurray--Athabasca/Fort McMurray--Athabasca"," 141","Colinton",6,16,14,3,24,0,63,286
48001,"Fort McMurray--Athabasca/Fort McMurray--Athabasca"," 142","Mewatha Beach",2,14,8,0,75,0,99,523
48001,"Fort McMurray--Athabasca/Fort McMurray--Athabasca"," 143","Boyle",0,6,5,0,20,0,31,133
48001,"Fort McMurray--Athabasca/Fort McMurray--Athabasca"," 144","Boyle",4,18,15,1,87,0,125,727
48001,"Fort McMurray--Athabasca/Fort McMurray--Athabasca"," 145","Perryvale",6,8,10,2,55,0,81,443
48001,"Fort McMurray--Athabasca/Fort McMurray--Athabasca"," 146","Ellscott",2,12,11,0,50,0,75,372
48001,"Fort McMurray--Athabasca/Fort McMurray--Athabasca"," 147","Rochester",5,24,12,5,47,0,93,379
48001,"Fort McMurray--Athabasca/Fort McMurray--Athabasca"," 148","Breynat",3,10,9,2,41,0,65,299
48001,"Fort McMurray--Athabasca/Fort McMurray--Athabasca"," 149","Plamondon",2,26,2,0,70,1,101,755
48001,"Fort McMurray--Athabasca/Fort McMurray--Athabasca"," 150","Owl River",5,10,0,1,23,0,39,225
48001,"Fort McMurray--Athabasca/Fort McMurray--Athabasca"," 151","Plamondon",Void/Supprimé,,,,,,,
48001,"Fort McMurray--Athabasca/Fort McMurray--Athabasca"," 152","Plamondon",Void/Supprimé,,,,,,,
48001,"Fort McMurray--Athabasca/Fort McMurray--Athabasca"," 153","Plamondon",Void/Supprimé,,,,,,,
48001,"Fort McMurray--Athabasca/Fort McMurray--Athabasca"," 154","Plamondon",2,7,1,1,24,0,35,184
48001,"Fort McMurray--Athabasca/Fort McMurray--Athabasca"," 155","Lac La Biche Mission",8,13,6,1,46,0,74,520
48001,"Fort McMurray--Athabasca/Fort McMurray--Athabasca"," 156","Lac La Biche",4,11,2,1,20,1,39,268
48001,"Fort McMurray--Athabasca/Fort McMurray--Athabasca"," 157","Lac La Biche",9,15,5,2,23,0,54,373
48001,"Fort McMurray--Athabasca/Fort McMurray--Athabasca"," 158","Lac La Biche",2,19,9,0,28,0,58,256
48001,"Fort McMurray--Athabasca/Fort McMurray--Athabasca"," 159","Lac La Biche",9,7,4,4,21,0,45,279
48001,"Fort McMurray--Athabasca/Fort McMurray--Athabasca"," 160","Lac La Biche",1,30,9,5,27,0,72,454
48001,"Fort McMurray--Athabasca/Fort McMurray--Athabasca"," 161","Lac La Biche",1,16,4,1,28,0,50,346
48001,"Fort McMurray--Athabasca/Fort McMurray--Athabasca"," 162","Lac La Biche",0,13,8,0,33,0,54,336
48001,"Fort McMurray--Athabasca/Fort McMurray--Athabasca"," 163","Barnegat",8,19,12,3,39,0,81,350
48001,"Fort McMurray--Athabasca/Fort McMurray--Athabasca"," 164","Beaver Lake",8,29,6,1,58,0,102,592
48001,"Fort McMurray--Athabasca/Fort McMurray--Athabasca"," 165","Hylo",12,10,6,2,57,1,88,365
48001,"Fort McMurray--Athabasca/Fort McMurray--Athabasca"," 166","Beaver Lake 131",2,10,4,0,33,0,49,343
48001,"Fort McMurray--Athabasca/Fort McMurray--Athabasca"," 500","Mobile poll/Bureau itinérant",2,10,18,3,18,3,54,110
48001,"Fort McMurray--Athabasca/Fort McMurray--Athabasca"," 501","Mobile poll/Bureau itinérant",3,8,3,1,21,0,36,102
48001,"Fort McMurray--Athabasca/Fort McMurray--Athabasca"," 502","Mobile poll/Bureau itinérant",0,2,4,1,20,0,27,106
48001,"Fort McMurray--Athabasca/Fort McMurray--Athabasca"," 503","Mobile poll/Bureau itinérant",4,14,5,0,31,1,55,158
48001,"Fort McMurray--Athabasca/Fort McMurray--Athabasca"," 504","Mobile poll/Bureau itinérant",3,8,8,3,24,1,47,111
48001,"Fort McMurray--Athabasca/Fort McMurray--Athabasca"," 505","Mobile poll/Bureau itinérant",1,0,1,0,12,0,14,36
48001,"Fort McMurray--Athabasca/Fort McMurray--Athabasca"," 600","Loon Lake--Wabasca",4,36,4,1,5,0,50,
48001,"Fort McMurray--Athabasca/Fort McMurray--Athabasca"," 601","Fort Chipewyan",1,9,5,0,5,0,20,
48001,"Fort McMurray--Athabasca/Fort McMurray--Athabasca"," 602","Fort McMurray",2,69,16,6,84,1,178,
48001,"Fort McMurray--Athabasca/Fort McMurray--Athabasca"," 603","Fort McMurray",5,141,22,15,203,1,387,
48001,"Fort McMurray--Athabasca/Fort McMurray--Athabasca"," 604","Fort McMurray",3,129,41,14,151,0,338,
48001,"Fort McMurray--Athabasca/Fort McMurray--Athabasca"," 605","Fort McMurray",2,88,27,8,56,0,181,
48001,"Fort McMurray--Athabasca/Fort McMurray--Athabasca"," 606","Fort McMurray",1,56,17,0,52,0,126,
48001,"Fort McMurray--Athabasca/Fort McMurray--Athabasca"," 607","High Prairie",8,51,13,0,95,1,168,
48001,"Fort McMurray--Athabasca/Fort McMurray--Athabasca"," 608","Slave Lake",7,27,4,3,105,1,147,
48001,"Fort McMurray--Athabasca/Fort McMurray--Athabasca"," 609","Athabasca",20,57,38,5,251,0,371,
48001,"Fort McMurray--Athabasca/Fort McMurray--Athabasca"," 610","Boyle",1,6,8,1,89,0,105,
48001,"Fort McMurray--Athabasca/Fort McMurray--Athabasca"," 611","Lac La Biche",22,54,11,9,134,0,230,
48001,"Fort McMurray--Athabasca/Fort McMurray--Athabasca",,Group 1/Groupe 1,0,0,0,1,0,0,1,2
48001,"Fort McMurray--Athabasca/Fort McMurray--Athabasca",,Group 2/Groupe 2,6,208,42,9,124,2,391,
